,ID,path
0,0,data Unpatentable Embeddings 0.npy
1,1,data Unpatentable Embeddings 1.npy
2,2,data Unpatentable Embeddings 2.npy
3,3,data Unpatentable Embeddings 3.npy
4,4,data Unpatentable Embeddings 4.npy
5,5,data Unpatentable Embeddings 5.npy
6,6,data Unpatentable Embeddings 6.npy
7,7,data Unpatentable Embeddings 7.npy
8,8,data Unpatentable Embeddings 8.npy
9,9,data Unpatentable Embeddings 9.npy
10,10,data Unpatentable Embeddings 10.npy
11,11,data Unpatentable Embeddings 11.npy
12,12,data Unpatentable Embeddings 12.npy
13,13,data Unpatentable Embeddings 13.npy
14,14,data Unpatentable Embeddings 14.npy
15,15,data Unpatentable Embeddings 15.npy
16,16,data Unpatentable Embeddings 16.npy
17,17,data Unpatentable Embeddings 17.npy
18,18,data Unpatentable Embeddings 18.npy
19,19,data Unpatentable Embeddings 19.npy
20,20,data Unpatentable Embeddings 20.npy
21,21,data Unpatentable Embeddings 21.npy
22,22,data Unpatentable Embeddings 22.npy
23,23,data Unpatentable Embeddings 23.npy
24,24,data Unpatentable Embeddings 24.npy
25,25,data Unpatentable Embeddings 25.npy
26,26,data Unpatentable Embeddings 26.npy
27,27,data Unpatentable Embeddings 27.npy
28,28,data Unpatentable Embeddings 28.npy
29,29,data Unpatentable Embeddings 29.npy
30,30,data Unpatentable Embeddings 30.npy
31,31,data Unpatentable Embeddings 31.npy
32,32,data Unpatentable Embeddings 32.npy
33,33,data Unpatentable Embeddings 33.npy
34,34,data Unpatentable Embeddings 34.npy
35,35,data Unpatentable Embeddings 35.npy
36,36,data Unpatentable Embeddings 36.npy
37,37,data Unpatentable Embeddings 37.npy
38,38,data Unpatentable Embeddings 38.npy
39,39,data Unpatentable Embeddings 39.npy
40,40,data Unpatentable Embeddings 40.npy
41,41,data Unpatentable Embeddings 41.npy
42,42,data Unpatentable Embeddings 42.npy
43,43,data Unpatentable Embeddings 43.npy
44,44,data Unpatentable Embeddings 44.npy
45,45,data Unpatentable Embeddings 45.npy
46,46,data Unpatentable Embeddings 46.npy
47,47,data Unpatentable Embeddings 47.npy
48,48,data Unpatentable Embeddings 48.npy
49,49,data Unpatentable Embeddings 49.npy
50,50,data Unpatentable Embeddings 50.npy
51,51,data Unpatentable Embeddings 51.npy
52,52,data Unpatentable Embeddings 52.npy
53,53,data Unpatentable Embeddings 53.npy
54,54,data Unpatentable Embeddings 54.npy
55,55,data Unpatentable Embeddings 55.npy
56,56,data Unpatentable Embeddings 56.npy
57,57,data Unpatentable Embeddings 57.npy
58,58,data Unpatentable Embeddings 58.npy
59,59,data Unpatentable Embeddings 59.npy
60,60,data Unpatentable Embeddings 60.npy
61,61,data Unpatentable Embeddings 61.npy
62,62,data Unpatentable Embeddings 62.npy
63,63,data Unpatentable Embeddings 63.npy
64,64,data Unpatentable Embeddings 64.npy
65,65,data Unpatentable Embeddings 65.npy
66,66,data Unpatentable Embeddings 66.npy
67,67,data Unpatentable Embeddings 67.npy
68,68,data Unpatentable Embeddings 68.npy
69,69,data Unpatentable Embeddings 69.npy
70,70,data Unpatentable Embeddings 70.npy
71,71,data Unpatentable Embeddings 71.npy
72,72,data Unpatentable Embeddings 72.npy
73,73,data Unpatentable Embeddings 73.npy
74,74,data Unpatentable Embeddings 74.npy
75,75,data Unpatentable Embeddings 75.npy
76,76,data Unpatentable Embeddings 76.npy
77,77,data Unpatentable Embeddings 77.npy
78,78,data Unpatentable Embeddings 78.npy
79,79,data Unpatentable Embeddings 79.npy
80,80,data Unpatentable Embeddings 80.npy
81,81,data Unpatentable Embeddings 81.npy
82,82,data Unpatentable Embeddings 82.npy
83,83,data Unpatentable Embeddings 83.npy
84,84,data Unpatentable Embeddings 84.npy
85,85,data Unpatentable Embeddings 85.npy
86,86,data Unpatentable Embeddings 86.npy
87,87,data Unpatentable Embeddings 87.npy
88,88,data Unpatentable Embeddings 88.npy
89,89,data Unpatentable Embeddings 89.npy
90,90,data Unpatentable Embeddings 90.npy
91,91,data Unpatentable Embeddings 91.npy
92,92,data Unpatentable Embeddings 92.npy
93,93,data Unpatentable Embeddings 93.npy
94,94,data Unpatentable Embeddings 94.npy
95,95,data Unpatentable Embeddings 95.npy
96,96,data Unpatentable Embeddings 96.npy
97,97,data Unpatentable Embeddings 97.npy
98,98,data Unpatentable Embeddings 98.npy
99,99,data Unpatentable Embeddings 99.npy
100,100,data Unpatentable Embeddings 100.npy
101,101,data Unpatentable Embeddings 101.npy
102,102,data Unpatentable Embeddings 102.npy
103,103,data Unpatentable Embeddings 103.npy
104,104,data Unpatentable Embeddings 104.npy
105,105,data Unpatentable Embeddings 105.npy
106,106,data Unpatentable Embeddings 106.npy
107,107,data Unpatentable Embeddings 107.npy
108,108,data Unpatentable Embeddings 108.npy
109,109,data Unpatentable Embeddings 109.npy
110,110,data Unpatentable Embeddings 110.npy
111,111,data Unpatentable Embeddings 111.npy
112,112,data Unpatentable Embeddings 112.npy
113,113,data Unpatentable Embeddings 113.npy
114,114,data Unpatentable Embeddings 114.npy
115,115,data Unpatentable Embeddings 115.npy
116,116,data Unpatentable Embeddings 116.npy
117,117,data Unpatentable Embeddings 117.npy
118,118,data Unpatentable Embeddings 118.npy
119,119,data Unpatentable Embeddings 119.npy
120,120,data Unpatentable Embeddings 120.npy
121,121,data Unpatentable Embeddings 121.npy
122,122,data Unpatentable Embeddings 122.npy
123,123,data Unpatentable Embeddings 123.npy
124,124,data Unpatentable Embeddings 124.npy
125,125,data Unpatentable Embeddings 125.npy
126,126,data Unpatentable Embeddings 126.npy
127,127,data Unpatentable Embeddings 127.npy
128,128,data Unpatentable Embeddings 128.npy
129,129,data Unpatentable Embeddings 129.npy
130,130,data Unpatentable Embeddings 130.npy
131,131,data Unpatentable Embeddings 131.npy
132,132,data Unpatentable Embeddings 132.npy
133,133,data Unpatentable Embeddings 133.npy
134,134,data Unpatentable Embeddings 134.npy
135,135,data Unpatentable Embeddings 135.npy
136,136,data Unpatentable Embeddings 136.npy
137,137,data Unpatentable Embeddings 137.npy
138,138,data Unpatentable Embeddings 138.npy
139,139,data Unpatentable Embeddings 139.npy
140,140,data Unpatentable Embeddings 140.npy
141,141,data Unpatentable Embeddings 141.npy
142,142,data Unpatentable Embeddings 142.npy
143,143,data Unpatentable Embeddings 143.npy
144,144,data Unpatentable Embeddings 144.npy
145,145,data Unpatentable Embeddings 145.npy
146,146,data Unpatentable Embeddings 146.npy
147,147,data Unpatentable Embeddings 147.npy
148,148,data Unpatentable Embeddings 148.npy
149,149,data Unpatentable Embeddings 149.npy
150,150,data Unpatentable Embeddings 150.npy
151,151,data Unpatentable Embeddings 151.npy
152,152,data Unpatentable Embeddings 152.npy
153,153,data Unpatentable Embeddings 153.npy
154,154,data Unpatentable Embeddings 154.npy
155,155,data Unpatentable Embeddings 155.npy
156,156,data Unpatentable Embeddings 156.npy
157,157,data Unpatentable Embeddings 157.npy
158,158,data Unpatentable Embeddings 158.npy
159,159,data Unpatentable Embeddings 159.npy
160,160,data Unpatentable Embeddings 160.npy
161,161,data Unpatentable Embeddings 161.npy
162,162,data Unpatentable Embeddings 162.npy
163,163,data Unpatentable Embeddings 163.npy
164,164,data Unpatentable Embeddings 164.npy
165,165,data Unpatentable Embeddings 165.npy
166,166,data Unpatentable Embeddings 166.npy
167,167,data Unpatentable Embeddings 167.npy
168,168,data Unpatentable Embeddings 168.npy
169,169,data Unpatentable Embeddings 169.npy
170,170,data Unpatentable Embeddings 170.npy
171,171,data Unpatentable Embeddings 171.npy
172,172,data Unpatentable Embeddings 172.npy
173,173,data Unpatentable Embeddings 173.npy
174,174,data Unpatentable Embeddings 174.npy
175,175,data Unpatentable Embeddings 175.npy
176,176,data Unpatentable Embeddings 176.npy
177,177,data Unpatentable Embeddings 177.npy
178,178,data Unpatentable Embeddings 178.npy
179,179,data Unpatentable Embeddings 179.npy
180,180,data Unpatentable Embeddings 180.npy
181,181,data Unpatentable Embeddings 181.npy
182,182,data Unpatentable Embeddings 182.npy
183,183,data Unpatentable Embeddings 183.npy
184,184,data Unpatentable Embeddings 184.npy
185,185,data Unpatentable Embeddings 185.npy
186,186,data Unpatentable Embeddings 186.npy
187,187,data Unpatentable Embeddings 187.npy
188,188,data Unpatentable Embeddings 188.npy
189,189,data Unpatentable Embeddings 189.npy
190,190,data Unpatentable Embeddings 190.npy
191,191,data Unpatentable Embeddings 191.npy
192,192,data Unpatentable Embeddings 192.npy
193,193,data Unpatentable Embeddings 193.npy
194,194,data Unpatentable Embeddings 194.npy
195,195,data Unpatentable Embeddings 195.npy
196,196,data Unpatentable Embeddings 196.npy
197,197,data Unpatentable Embeddings 197.npy
198,198,data Unpatentable Embeddings 198.npy
199,199,data Unpatentable Embeddings 199.npy
200,200,data Unpatentable Embeddings 200.npy
201,201,data Unpatentable Embeddings 201.npy
202,202,data Unpatentable Embeddings 202.npy
203,203,data Unpatentable Embeddings 203.npy
204,204,data Unpatentable Embeddings 204.npy
205,205,data Unpatentable Embeddings 205.npy
206,206,data Unpatentable Embeddings 206.npy
207,207,data Unpatentable Embeddings 207.npy
208,208,data Unpatentable Embeddings 208.npy
209,209,data Unpatentable Embeddings 209.npy
210,210,data Unpatentable Embeddings 210.npy
211,211,data Unpatentable Embeddings 211.npy
212,212,data Unpatentable Embeddings 212.npy
213,213,data Unpatentable Embeddings 213.npy
214,214,data Unpatentable Embeddings 214.npy
215,215,data Unpatentable Embeddings 215.npy
216,216,data Unpatentable Embeddings 216.npy
217,217,data Unpatentable Embeddings 217.npy
218,218,data Unpatentable Embeddings 218.npy
219,219,data Unpatentable Embeddings 219.npy
220,220,data Unpatentable Embeddings 220.npy
221,221,data Unpatentable Embeddings 221.npy
222,222,data Unpatentable Embeddings 222.npy
223,223,data Unpatentable Embeddings 223.npy
224,224,data Unpatentable Embeddings 224.npy
225,225,data Unpatentable Embeddings 225.npy
226,226,data Unpatentable Embeddings 226.npy
227,227,data Unpatentable Embeddings 227.npy
228,228,data Unpatentable Embeddings 228.npy
229,229,data Unpatentable Embeddings 229.npy
230,230,data Unpatentable Embeddings 230.npy
231,231,data Unpatentable Embeddings 231.npy
232,232,data Unpatentable Embeddings 232.npy
233,233,data Unpatentable Embeddings 233.npy
234,234,data Unpatentable Embeddings 234.npy
235,235,data Unpatentable Embeddings 235.npy
236,236,data Unpatentable Embeddings 236.npy
237,237,data Unpatentable Embeddings 237.npy
238,238,data Unpatentable Embeddings 238.npy
239,239,data Unpatentable Embeddings 239.npy
240,240,data Unpatentable Embeddings 240.npy
241,241,data Unpatentable Embeddings 241.npy
242,242,data Unpatentable Embeddings 242.npy
243,243,data Unpatentable Embeddings 243.npy
244,244,data Unpatentable Embeddings 244.npy
245,245,data Unpatentable Embeddings 245.npy
246,246,data Unpatentable Embeddings 246.npy
247,247,data Unpatentable Embeddings 247.npy
248,248,data Unpatentable Embeddings 248.npy
249,249,data Unpatentable Embeddings 249.npy
250,250,data Unpatentable Embeddings 250.npy
251,251,data Unpatentable Embeddings 251.npy
252,252,data Unpatentable Embeddings 252.npy
253,253,data Unpatentable Embeddings 253.npy
254,254,data Unpatentable Embeddings 254.npy
255,255,data Unpatentable Embeddings 255.npy
256,256,data Unpatentable Embeddings 256.npy
257,257,data Unpatentable Embeddings 257.npy
258,258,data Unpatentable Embeddings 258.npy
259,259,data Unpatentable Embeddings 259.npy
260,260,data Unpatentable Embeddings 260.npy
261,261,data Unpatentable Embeddings 261.npy
262,262,data Unpatentable Embeddings 262.npy
263,263,data Unpatentable Embeddings 263.npy
264,264,data Unpatentable Embeddings 264.npy
265,265,data Unpatentable Embeddings 265.npy
266,266,data Unpatentable Embeddings 266.npy
267,267,data Unpatentable Embeddings 267.npy
268,268,data Unpatentable Embeddings 268.npy
269,269,data Unpatentable Embeddings 269.npy
270,270,data Unpatentable Embeddings 270.npy
271,271,data Unpatentable Embeddings 271.npy
272,272,data Unpatentable Embeddings 272.npy
273,273,data Unpatentable Embeddings 273.npy
274,274,data Unpatentable Embeddings 274.npy
275,275,data Unpatentable Embeddings 275.npy
276,276,data Unpatentable Embeddings 276.npy
277,277,data Unpatentable Embeddings 277.npy
278,278,data Unpatentable Embeddings 278.npy
279,279,data Unpatentable Embeddings 279.npy
280,280,data Unpatentable Embeddings 280.npy
281,281,data Unpatentable Embeddings 281.npy
282,282,data Unpatentable Embeddings 282.npy
283,283,data Unpatentable Embeddings 283.npy
284,284,data Unpatentable Embeddings 284.npy
285,285,data Unpatentable Embeddings 285.npy
286,286,data Unpatentable Embeddings 286.npy
287,287,data Unpatentable Embeddings 287.npy
288,288,data Unpatentable Embeddings 288.npy
289,289,data Unpatentable Embeddings 289.npy
290,290,data Unpatentable Embeddings 290.npy
291,291,data Unpatentable Embeddings 291.npy
292,292,data Unpatentable Embeddings 292.npy
293,293,data Unpatentable Embeddings 293.npy
294,294,data Unpatentable Embeddings 294.npy
295,295,data Unpatentable Embeddings 295.npy
296,296,data Unpatentable Embeddings 296.npy
297,297,data Unpatentable Embeddings 297.npy
298,298,data Unpatentable Embeddings 298.npy
299,299,data Unpatentable Embeddings 299.npy
300,300,data Unpatentable Embeddings 300.npy
301,301,data Unpatentable Embeddings 301.npy
302,302,data Unpatentable Embeddings 302.npy
303,303,data Unpatentable Embeddings 303.npy
304,304,data Unpatentable Embeddings 304.npy
305,305,data Unpatentable Embeddings 305.npy
306,306,data Unpatentable Embeddings 306.npy
307,307,data Unpatentable Embeddings 307.npy
308,308,data Unpatentable Embeddings 308.npy
309,309,data Unpatentable Embeddings 309.npy
310,310,data Unpatentable Embeddings 310.npy
311,311,data Unpatentable Embeddings 311.npy
312,312,data Unpatentable Embeddings 312.npy
313,313,data Unpatentable Embeddings 313.npy
314,314,data Unpatentable Embeddings 314.npy
315,315,data Unpatentable Embeddings 315.npy
316,316,data Unpatentable Embeddings 316.npy
317,317,data Unpatentable Embeddings 317.npy
318,318,data Unpatentable Embeddings 318.npy
319,319,data Unpatentable Embeddings 319.npy
320,320,data Unpatentable Embeddings 320.npy
321,321,data Unpatentable Embeddings 321.npy
322,322,data Unpatentable Embeddings 322.npy
323,323,data Unpatentable Embeddings 323.npy
324,324,data Unpatentable Embeddings 324.npy
325,325,data Unpatentable Embeddings 325.npy
326,326,data Unpatentable Embeddings 326.npy
327,327,data Unpatentable Embeddings 327.npy
328,328,data Unpatentable Embeddings 328.npy
329,329,data Unpatentable Embeddings 329.npy
330,330,data Unpatentable Embeddings 330.npy
331,331,data Unpatentable Embeddings 331.npy
332,332,data Unpatentable Embeddings 332.npy
333,333,data Unpatentable Embeddings 333.npy
334,334,data Unpatentable Embeddings 334.npy
335,335,data Unpatentable Embeddings 335.npy
336,336,data Unpatentable Embeddings 336.npy
337,337,data Unpatentable Embeddings 337.npy
338,338,data Unpatentable Embeddings 338.npy
339,339,data Unpatentable Embeddings 339.npy
340,340,data Unpatentable Embeddings 340.npy
341,341,data Unpatentable Embeddings 341.npy
342,342,data Unpatentable Embeddings 342.npy
343,343,data Unpatentable Embeddings 343.npy
344,344,data Unpatentable Embeddings 344.npy
345,345,data Unpatentable Embeddings 345.npy
346,346,data Unpatentable Embeddings 346.npy
347,347,data Unpatentable Embeddings 347.npy
348,348,data Unpatentable Embeddings 348.npy
349,349,data Unpatentable Embeddings 349.npy
350,350,data Unpatentable Embeddings 350.npy
351,351,data Unpatentable Embeddings 351.npy
352,352,data Unpatentable Embeddings 352.npy
353,353,data Unpatentable Embeddings 353.npy
354,354,data Unpatentable Embeddings 354.npy
355,355,data Unpatentable Embeddings 355.npy
356,356,data Unpatentable Embeddings 356.npy
357,357,data Unpatentable Embeddings 357.npy
358,358,data Unpatentable Embeddings 358.npy
359,359,data Unpatentable Embeddings 359.npy
360,360,data Unpatentable Embeddings 360.npy
361,361,data Unpatentable Embeddings 361.npy
362,362,data Unpatentable Embeddings 362.npy
363,363,data Unpatentable Embeddings 363.npy
364,364,data Unpatentable Embeddings 364.npy
365,365,data Unpatentable Embeddings 365.npy
366,366,data Unpatentable Embeddings 366.npy
367,367,data Unpatentable Embeddings 367.npy
368,368,data Unpatentable Embeddings 368.npy
369,369,data Unpatentable Embeddings 369.npy
370,370,data Unpatentable Embeddings 370.npy
371,371,data Unpatentable Embeddings 371.npy
372,372,data Unpatentable Embeddings 372.npy
373,373,data Unpatentable Embeddings 373.npy
374,374,data Unpatentable Embeddings 374.npy
375,375,data Unpatentable Embeddings 375.npy
376,376,data Unpatentable Embeddings 376.npy
377,377,data Unpatentable Embeddings 377.npy
378,378,data Unpatentable Embeddings 378.npy
379,379,data Unpatentable Embeddings 379.npy
380,380,data Unpatentable Embeddings 380.npy
381,381,data Unpatentable Embeddings 381.npy
382,382,data Unpatentable Embeddings 382.npy
383,383,data Unpatentable Embeddings 383.npy
384,384,data Unpatentable Embeddings 384.npy
385,385,data Unpatentable Embeddings 385.npy
386,386,data Unpatentable Embeddings 386.npy
387,387,data Unpatentable Embeddings 387.npy
388,388,data Unpatentable Embeddings 388.npy
389,389,data Unpatentable Embeddings 389.npy
390,390,data Unpatentable Embeddings 390.npy
391,391,data Unpatentable Embeddings 391.npy
392,392,data Unpatentable Embeddings 392.npy
393,393,data Unpatentable Embeddings 393.npy
394,394,data Unpatentable Embeddings 394.npy
395,395,data Unpatentable Embeddings 395.npy
396,396,data Unpatentable Embeddings 396.npy
397,397,data Unpatentable Embeddings 397.npy
398,398,data Unpatentable Embeddings 398.npy
399,399,data Unpatentable Embeddings 399.npy
400,400,data Unpatentable Embeddings 400.npy
401,401,data Unpatentable Embeddings 401.npy
402,402,data Unpatentable Embeddings 402.npy
403,403,data Unpatentable Embeddings 403.npy
404,404,data Unpatentable Embeddings 404.npy
405,405,data Unpatentable Embeddings 405.npy
406,406,data Unpatentable Embeddings 406.npy
407,407,data Unpatentable Embeddings 407.npy
408,408,data Unpatentable Embeddings 408.npy
409,409,data Unpatentable Embeddings 409.npy
410,410,data Unpatentable Embeddings 410.npy
411,411,data Unpatentable Embeddings 411.npy
412,412,data Unpatentable Embeddings 412.npy
413,413,data Unpatentable Embeddings 413.npy
414,414,data Unpatentable Embeddings 414.npy
415,415,data Unpatentable Embeddings 415.npy
416,416,data Unpatentable Embeddings 416.npy
417,417,data Unpatentable Embeddings 417.npy
418,418,data Unpatentable Embeddings 418.npy
419,419,data Unpatentable Embeddings 419.npy
420,420,data Unpatentable Embeddings 420.npy
421,421,data Unpatentable Embeddings 421.npy
422,422,data Unpatentable Embeddings 422.npy
423,423,data Unpatentable Embeddings 423.npy
424,424,data Unpatentable Embeddings 424.npy
425,425,data Unpatentable Embeddings 425.npy
426,426,data Unpatentable Embeddings 426.npy
427,427,data Unpatentable Embeddings 427.npy
428,428,data Unpatentable Embeddings 428.npy
429,429,data Unpatentable Embeddings 429.npy
430,430,data Unpatentable Embeddings 430.npy
431,431,data Unpatentable Embeddings 431.npy
432,432,data Unpatentable Embeddings 432.npy
433,433,data Unpatentable Embeddings 433.npy
434,434,data Unpatentable Embeddings 434.npy
435,435,data Unpatentable Embeddings 435.npy
436,436,data Unpatentable Embeddings 436.npy
437,437,data Unpatentable Embeddings 437.npy
438,438,data Unpatentable Embeddings 438.npy
439,439,data Unpatentable Embeddings 439.npy
440,440,data Unpatentable Embeddings 440.npy
441,441,data Unpatentable Embeddings 441.npy
442,442,data Unpatentable Embeddings 442.npy
443,443,data Unpatentable Embeddings 443.npy
444,444,data Unpatentable Embeddings 444.npy
445,445,data Unpatentable Embeddings 445.npy
446,446,data Unpatentable Embeddings 446.npy
447,447,data Unpatentable Embeddings 447.npy
448,448,data Unpatentable Embeddings 448.npy
449,449,data Unpatentable Embeddings 449.npy
450,450,data Unpatentable Embeddings 450.npy
451,451,data Unpatentable Embeddings 451.npy
452,452,data Unpatentable Embeddings 452.npy
453,453,data Unpatentable Embeddings 453.npy
454,454,data Unpatentable Embeddings 454.npy
455,455,data Unpatentable Embeddings 455.npy
456,456,data Unpatentable Embeddings 456.npy
457,457,data Unpatentable Embeddings 457.npy
458,458,data Unpatentable Embeddings 458.npy
459,459,data Unpatentable Embeddings 459.npy
460,460,data Unpatentable Embeddings 460.npy
461,461,data Unpatentable Embeddings 461.npy
462,462,data Unpatentable Embeddings 462.npy
463,463,data Unpatentable Embeddings 463.npy
464,464,data Unpatentable Embeddings 464.npy
465,465,data Unpatentable Embeddings 465.npy
466,466,data Unpatentable Embeddings 466.npy
467,467,data Unpatentable Embeddings 467.npy
468,468,data Unpatentable Embeddings 468.npy
469,469,data Unpatentable Embeddings 469.npy
470,470,data Unpatentable Embeddings 470.npy
471,471,data Unpatentable Embeddings 471.npy
472,472,data Unpatentable Embeddings 472.npy
473,473,data Unpatentable Embeddings 473.npy
474,474,data Unpatentable Embeddings 474.npy
475,475,data Unpatentable Embeddings 475.npy
476,476,data Unpatentable Embeddings 476.npy
477,477,data Unpatentable Embeddings 477.npy
478,478,data Unpatentable Embeddings 478.npy
479,479,data Unpatentable Embeddings 479.npy
480,480,data Unpatentable Embeddings 480.npy
481,481,data Unpatentable Embeddings 481.npy
482,482,data Unpatentable Embeddings 482.npy
483,483,data Unpatentable Embeddings 483.npy
484,484,data Unpatentable Embeddings 484.npy
485,485,data Unpatentable Embeddings 485.npy
486,486,data Unpatentable Embeddings 486.npy
487,487,data Unpatentable Embeddings 487.npy
488,488,data Unpatentable Embeddings 488.npy
489,489,data Unpatentable Embeddings 489.npy
490,490,data Unpatentable Embeddings 490.npy
491,491,data Unpatentable Embeddings 491.npy
492,492,data Unpatentable Embeddings 492.npy
493,493,data Unpatentable Embeddings 493.npy
494,494,data Unpatentable Embeddings 494.npy
495,495,data Unpatentable Embeddings 495.npy
496,496,data Unpatentable Embeddings 496.npy
497,497,data Unpatentable Embeddings 497.npy
498,498,data Unpatentable Embeddings 498.npy
499,499,data Unpatentable Embeddings 499.npy
500,500,data Unpatentable Embeddings 500.npy
501,501,data Unpatentable Embeddings 501.npy
502,502,data Unpatentable Embeddings 502.npy
503,503,data Unpatentable Embeddings 503.npy
504,504,data Unpatentable Embeddings 504.npy
505,505,data Unpatentable Embeddings 505.npy
506,506,data Unpatentable Embeddings 506.npy
507,507,data Unpatentable Embeddings 507.npy
508,508,data Unpatentable Embeddings 508.npy
509,509,data Unpatentable Embeddings 509.npy
510,510,data Unpatentable Embeddings 510.npy
511,511,data Unpatentable Embeddings 511.npy
512,512,data Unpatentable Embeddings 512.npy
513,513,data Unpatentable Embeddings 513.npy
514,514,data Unpatentable Embeddings 514.npy
515,515,data Unpatentable Embeddings 515.npy
516,516,data Unpatentable Embeddings 516.npy
517,517,data Unpatentable Embeddings 517.npy
518,518,data Unpatentable Embeddings 518.npy
519,519,data Unpatentable Embeddings 519.npy
520,520,data Unpatentable Embeddings 520.npy
521,521,data Unpatentable Embeddings 521.npy
522,522,data Unpatentable Embeddings 522.npy
523,523,data Unpatentable Embeddings 523.npy
524,524,data Unpatentable Embeddings 524.npy
525,525,data Unpatentable Embeddings 525.npy
526,526,data Unpatentable Embeddings 526.npy
527,527,data Unpatentable Embeddings 527.npy
528,528,data Unpatentable Embeddings 528.npy
529,529,data Unpatentable Embeddings 529.npy
530,530,data Unpatentable Embeddings 530.npy
531,531,data Unpatentable Embeddings 531.npy
532,532,data Unpatentable Embeddings 532.npy
533,533,data Unpatentable Embeddings 533.npy
534,534,data Unpatentable Embeddings 534.npy
535,535,data Unpatentable Embeddings 535.npy
536,536,data Unpatentable Embeddings 536.npy
537,537,data Unpatentable Embeddings 537.npy
538,538,data Unpatentable Embeddings 538.npy
539,539,data Unpatentable Embeddings 539.npy
540,540,data Unpatentable Embeddings 540.npy
541,541,data Unpatentable Embeddings 541.npy
542,542,data Unpatentable Embeddings 542.npy
543,543,data Unpatentable Embeddings 543.npy
544,544,data Unpatentable Embeddings 544.npy
545,545,data Unpatentable Embeddings 545.npy
546,546,data Unpatentable Embeddings 546.npy
547,547,data Unpatentable Embeddings 547.npy
548,548,data Unpatentable Embeddings 548.npy
549,549,data Unpatentable Embeddings 549.npy
550,550,data Unpatentable Embeddings 550.npy
551,551,data Unpatentable Embeddings 551.npy
552,552,data Unpatentable Embeddings 552.npy
553,553,data Unpatentable Embeddings 553.npy
554,554,data Unpatentable Embeddings 554.npy
555,555,data Unpatentable Embeddings 555.npy
556,556,data Unpatentable Embeddings 556.npy
557,557,data Unpatentable Embeddings 557.npy
558,558,data Unpatentable Embeddings 558.npy
559,559,data Unpatentable Embeddings 559.npy
560,560,data Unpatentable Embeddings 560.npy
561,561,data Unpatentable Embeddings 561.npy
562,562,data Unpatentable Embeddings 562.npy
563,563,data Unpatentable Embeddings 563.npy
564,564,data Unpatentable Embeddings 564.npy
565,565,data Unpatentable Embeddings 565.npy
566,566,data Unpatentable Embeddings 566.npy
567,567,data Unpatentable Embeddings 567.npy
568,568,data Unpatentable Embeddings 568.npy
569,569,data Unpatentable Embeddings 569.npy
570,570,data Unpatentable Embeddings 570.npy
571,571,data Unpatentable Embeddings 571.npy
572,572,data Unpatentable Embeddings 572.npy
573,573,data Unpatentable Embeddings 573.npy
574,574,data Unpatentable Embeddings 574.npy
575,575,data Unpatentable Embeddings 575.npy
576,576,data Unpatentable Embeddings 576.npy
577,577,data Unpatentable Embeddings 577.npy
578,578,data Unpatentable Embeddings 578.npy
579,579,data Unpatentable Embeddings 579.npy
580,580,data Unpatentable Embeddings 580.npy
581,581,data Unpatentable Embeddings 581.npy
582,582,data Unpatentable Embeddings 582.npy
583,583,data Unpatentable Embeddings 583.npy
584,584,data Unpatentable Embeddings 584.npy
585,585,data Unpatentable Embeddings 585.npy
586,586,data Unpatentable Embeddings 586.npy
587,587,data Unpatentable Embeddings 587.npy
588,588,data Unpatentable Embeddings 588.npy
589,589,data Unpatentable Embeddings 589.npy
590,590,data Unpatentable Embeddings 590.npy
591,591,data Unpatentable Embeddings 591.npy
592,592,data Unpatentable Embeddings 592.npy
593,593,data Unpatentable Embeddings 593.npy
594,594,data Unpatentable Embeddings 594.npy
595,595,data Unpatentable Embeddings 595.npy
596,596,data Unpatentable Embeddings 596.npy
597,597,data Unpatentable Embeddings 597.npy
598,598,data Unpatentable Embeddings 598.npy
599,599,data Unpatentable Embeddings 599.npy
600,600,data Unpatentable Embeddings 600.npy
601,601,data Unpatentable Embeddings 601.npy
602,602,data Unpatentable Embeddings 602.npy
603,603,data Unpatentable Embeddings 603.npy
604,604,data Unpatentable Embeddings 604.npy
605,605,data Unpatentable Embeddings 605.npy
606,606,data Unpatentable Embeddings 606.npy
607,607,data Unpatentable Embeddings 607.npy
608,608,data Unpatentable Embeddings 608.npy
609,609,data Unpatentable Embeddings 609.npy
610,610,data Unpatentable Embeddings 610.npy
611,611,data Unpatentable Embeddings 611.npy
612,612,data Unpatentable Embeddings 612.npy
613,613,data Unpatentable Embeddings 613.npy
614,614,data Unpatentable Embeddings 614.npy
615,615,data Unpatentable Embeddings 615.npy
616,616,data Unpatentable Embeddings 616.npy
617,617,data Unpatentable Embeddings 617.npy
618,618,data Unpatentable Embeddings 618.npy
619,619,data Unpatentable Embeddings 619.npy
620,620,data Unpatentable Embeddings 620.npy
621,621,data Unpatentable Embeddings 621.npy
622,622,data Unpatentable Embeddings 622.npy
623,623,data Unpatentable Embeddings 623.npy
624,624,data Unpatentable Embeddings 624.npy
625,625,data Unpatentable Embeddings 625.npy
626,626,data Unpatentable Embeddings 626.npy
627,627,data Unpatentable Embeddings 627.npy
628,628,data Unpatentable Embeddings 628.npy
629,629,data Unpatentable Embeddings 629.npy
630,630,data Unpatentable Embeddings 630.npy
631,631,data Unpatentable Embeddings 631.npy
632,632,data Unpatentable Embeddings 632.npy
633,633,data Unpatentable Embeddings 633.npy
634,634,data Unpatentable Embeddings 634.npy
635,635,data Unpatentable Embeddings 635.npy
636,636,data Unpatentable Embeddings 636.npy
637,637,data Unpatentable Embeddings 637.npy
638,638,data Unpatentable Embeddings 638.npy
639,639,data Unpatentable Embeddings 639.npy
640,640,data Unpatentable Embeddings 640.npy
641,641,data Unpatentable Embeddings 641.npy
642,642,data Unpatentable Embeddings 642.npy
643,643,data Unpatentable Embeddings 643.npy
644,644,data Unpatentable Embeddings 644.npy
645,645,data Unpatentable Embeddings 645.npy
646,646,data Unpatentable Embeddings 646.npy
647,647,data Unpatentable Embeddings 647.npy
648,648,data Unpatentable Embeddings 648.npy
649,649,data Unpatentable Embeddings 649.npy
650,650,data Unpatentable Embeddings 650.npy
651,651,data Unpatentable Embeddings 651.npy
652,652,data Unpatentable Embeddings 652.npy
653,653,data Unpatentable Embeddings 653.npy
654,654,data Unpatentable Embeddings 654.npy
655,655,data Unpatentable Embeddings 655.npy
656,656,data Unpatentable Embeddings 656.npy
657,657,data Unpatentable Embeddings 657.npy
658,658,data Unpatentable Embeddings 658.npy
659,659,data Unpatentable Embeddings 659.npy
660,660,data Unpatentable Embeddings 660.npy
661,661,data Unpatentable Embeddings 661.npy
662,662,data Unpatentable Embeddings 662.npy
663,663,data Unpatentable Embeddings 663.npy
664,664,data Unpatentable Embeddings 664.npy
665,665,data Unpatentable Embeddings 665.npy
666,666,data Unpatentable Embeddings 666.npy
667,667,data Unpatentable Embeddings 667.npy
668,668,data Unpatentable Embeddings 668.npy
669,669,data Unpatentable Embeddings 669.npy
670,670,data Unpatentable Embeddings 670.npy
671,671,data Unpatentable Embeddings 671.npy
672,672,data Unpatentable Embeddings 672.npy
673,673,data Unpatentable Embeddings 673.npy
674,674,data Unpatentable Embeddings 674.npy
675,675,data Unpatentable Embeddings 675.npy
676,676,data Unpatentable Embeddings 676.npy
677,677,data Unpatentable Embeddings 677.npy
678,678,data Unpatentable Embeddings 678.npy
679,679,data Unpatentable Embeddings 679.npy
680,680,data Unpatentable Embeddings 680.npy
681,681,data Unpatentable Embeddings 681.npy
682,682,data Unpatentable Embeddings 682.npy
683,683,data Unpatentable Embeddings 683.npy
684,684,data Unpatentable Embeddings 684.npy
685,685,data Unpatentable Embeddings 685.npy
686,686,data Unpatentable Embeddings 686.npy
687,687,data Unpatentable Embeddings 687.npy
688,688,data Unpatentable Embeddings 688.npy
689,689,data Unpatentable Embeddings 689.npy
690,690,data Unpatentable Embeddings 690.npy
691,691,data Unpatentable Embeddings 691.npy
692,692,data Unpatentable Embeddings 692.npy
693,693,data Unpatentable Embeddings 693.npy
694,694,data Unpatentable Embeddings 694.npy
695,695,data Unpatentable Embeddings 695.npy
696,696,data Unpatentable Embeddings 696.npy
697,697,data Unpatentable Embeddings 697.npy
698,698,data Unpatentable Embeddings 698.npy
699,699,data Unpatentable Embeddings 699.npy
700,700,data Unpatentable Embeddings 700.npy
701,701,data Unpatentable Embeddings 701.npy
702,702,data Unpatentable Embeddings 702.npy
703,703,data Unpatentable Embeddings 703.npy
704,704,data Unpatentable Embeddings 704.npy
705,705,data Unpatentable Embeddings 705.npy
706,706,data Unpatentable Embeddings 706.npy
707,707,data Unpatentable Embeddings 707.npy
708,708,data Unpatentable Embeddings 708.npy
709,709,data Unpatentable Embeddings 709.npy
710,710,data Unpatentable Embeddings 710.npy
711,711,data Unpatentable Embeddings 711.npy
712,712,data Unpatentable Embeddings 712.npy
713,713,data Unpatentable Embeddings 713.npy
714,714,data Unpatentable Embeddings 714.npy
715,715,data Unpatentable Embeddings 715.npy
716,716,data Unpatentable Embeddings 716.npy
717,717,data Unpatentable Embeddings 717.npy
718,718,data Unpatentable Embeddings 718.npy
719,719,data Unpatentable Embeddings 719.npy
720,720,data Unpatentable Embeddings 720.npy
721,721,data Unpatentable Embeddings 721.npy
722,722,data Unpatentable Embeddings 722.npy
723,723,data Unpatentable Embeddings 723.npy
724,724,data Unpatentable Embeddings 724.npy
725,725,data Unpatentable Embeddings 725.npy
726,726,data Unpatentable Embeddings 726.npy
727,727,data Unpatentable Embeddings 727.npy
728,728,data Unpatentable Embeddings 728.npy
729,729,data Unpatentable Embeddings 729.npy
730,730,data Unpatentable Embeddings 730.npy
731,731,data Unpatentable Embeddings 731.npy
732,732,data Unpatentable Embeddings 732.npy
733,733,data Unpatentable Embeddings 733.npy
734,734,data Unpatentable Embeddings 734.npy
735,735,data Unpatentable Embeddings 735.npy
736,736,data Unpatentable Embeddings 736.npy
737,737,data Unpatentable Embeddings 737.npy
738,738,data Unpatentable Embeddings 738.npy
739,739,data Unpatentable Embeddings 739.npy
740,740,data Unpatentable Embeddings 740.npy
741,741,data Unpatentable Embeddings 741.npy
742,742,data Unpatentable Embeddings 742.npy
743,743,data Unpatentable Embeddings 743.npy
744,744,data Unpatentable Embeddings 744.npy
745,745,data Unpatentable Embeddings 745.npy
746,746,data Unpatentable Embeddings 746.npy
747,747,data Unpatentable Embeddings 747.npy
748,748,data Unpatentable Embeddings 748.npy
749,749,data Unpatentable Embeddings 749.npy
750,750,data Unpatentable Embeddings 750.npy
751,751,data Unpatentable Embeddings 751.npy
752,752,data Unpatentable Embeddings 752.npy
753,753,data Unpatentable Embeddings 753.npy
754,754,data Unpatentable Embeddings 754.npy
755,755,data Unpatentable Embeddings 755.npy
756,756,data Unpatentable Embeddings 756.npy
757,757,data Unpatentable Embeddings 757.npy
758,758,data Unpatentable Embeddings 758.npy
759,759,data Unpatentable Embeddings 759.npy
760,760,data Unpatentable Embeddings 760.npy
761,761,data Unpatentable Embeddings 761.npy
762,762,data Unpatentable Embeddings 762.npy
763,763,data Unpatentable Embeddings 763.npy
764,764,data Unpatentable Embeddings 764.npy
765,765,data Unpatentable Embeddings 765.npy
766,766,data Unpatentable Embeddings 766.npy
767,767,data Unpatentable Embeddings 767.npy
768,768,data Unpatentable Embeddings 768.npy
769,769,data Unpatentable Embeddings 769.npy
770,770,data Unpatentable Embeddings 770.npy
771,771,data Unpatentable Embeddings 771.npy
772,772,data Unpatentable Embeddings 772.npy
773,773,data Unpatentable Embeddings 773.npy
774,774,data Unpatentable Embeddings 774.npy
775,775,data Unpatentable Embeddings 775.npy
776,776,data Unpatentable Embeddings 776.npy
777,777,data Unpatentable Embeddings 777.npy
778,778,data Unpatentable Embeddings 778.npy
779,779,data Unpatentable Embeddings 779.npy
780,780,data Unpatentable Embeddings 780.npy
781,781,data Unpatentable Embeddings 781.npy
782,782,data Unpatentable Embeddings 782.npy
783,783,data Unpatentable Embeddings 783.npy
784,784,data Unpatentable Embeddings 784.npy
785,785,data Unpatentable Embeddings 785.npy
786,786,data Unpatentable Embeddings 786.npy
787,787,data Unpatentable Embeddings 787.npy
788,788,data Unpatentable Embeddings 788.npy
789,789,data Unpatentable Embeddings 789.npy
790,790,data Unpatentable Embeddings 790.npy
791,791,data Unpatentable Embeddings 791.npy
792,792,data Unpatentable Embeddings 792.npy
793,793,data Unpatentable Embeddings 793.npy
794,794,data Unpatentable Embeddings 794.npy
795,795,data Unpatentable Embeddings 795.npy
796,796,data Unpatentable Embeddings 796.npy
797,797,data Unpatentable Embeddings 797.npy
798,798,data Unpatentable Embeddings 798.npy
799,799,data Unpatentable Embeddings 799.npy
800,800,data Unpatentable Embeddings 800.npy
801,801,data Unpatentable Embeddings 801.npy
802,802,data Unpatentable Embeddings 802.npy
803,803,data Unpatentable Embeddings 803.npy
804,804,data Unpatentable Embeddings 804.npy
805,805,data Unpatentable Embeddings 805.npy
806,806,data Unpatentable Embeddings 806.npy
807,807,data Unpatentable Embeddings 807.npy
808,808,data Unpatentable Embeddings 808.npy
809,809,data Unpatentable Embeddings 809.npy
810,810,data Unpatentable Embeddings 810.npy
811,811,data Unpatentable Embeddings 811.npy
812,812,data Unpatentable Embeddings 812.npy
813,813,data Unpatentable Embeddings 813.npy
814,814,data Unpatentable Embeddings 814.npy
815,815,data Unpatentable Embeddings 815.npy
816,816,data Unpatentable Embeddings 816.npy
817,817,data Unpatentable Embeddings 817.npy
818,818,data Unpatentable Embeddings 818.npy
819,819,data Unpatentable Embeddings 819.npy
820,820,data Unpatentable Embeddings 820.npy
821,821,data Unpatentable Embeddings 821.npy
822,822,data Unpatentable Embeddings 822.npy
823,823,data Unpatentable Embeddings 823.npy
824,824,data Unpatentable Embeddings 824.npy
825,825,data Unpatentable Embeddings 825.npy
826,826,data Unpatentable Embeddings 826.npy
827,827,data Unpatentable Embeddings 827.npy
828,828,data Unpatentable Embeddings 828.npy
829,829,data Unpatentable Embeddings 829.npy
830,830,data Unpatentable Embeddings 830.npy
831,831,data Unpatentable Embeddings 831.npy
832,832,data Unpatentable Embeddings 832.npy
833,833,data Unpatentable Embeddings 833.npy
834,834,data Unpatentable Embeddings 834.npy
835,835,data Unpatentable Embeddings 835.npy
836,836,data Unpatentable Embeddings 836.npy
837,837,data Unpatentable Embeddings 837.npy
838,838,data Unpatentable Embeddings 838.npy
839,839,data Unpatentable Embeddings 839.npy
840,840,data Unpatentable Embeddings 840.npy
841,841,data Unpatentable Embeddings 841.npy
842,842,data Unpatentable Embeddings 842.npy
843,843,data Unpatentable Embeddings 843.npy
844,844,data Unpatentable Embeddings 844.npy
845,845,data Unpatentable Embeddings 845.npy
846,846,data Unpatentable Embeddings 846.npy
847,847,data Unpatentable Embeddings 847.npy
848,848,data Unpatentable Embeddings 848.npy
849,849,data Unpatentable Embeddings 849.npy
850,850,data Unpatentable Embeddings 850.npy
851,851,data Unpatentable Embeddings 851.npy
852,852,data Unpatentable Embeddings 852.npy
853,853,data Unpatentable Embeddings 853.npy
854,854,data Unpatentable Embeddings 854.npy
855,855,data Unpatentable Embeddings 855.npy
856,856,data Unpatentable Embeddings 856.npy
857,857,data Unpatentable Embeddings 857.npy
858,858,data Unpatentable Embeddings 858.npy
859,859,data Unpatentable Embeddings 859.npy
860,860,data Unpatentable Embeddings 860.npy
861,861,data Unpatentable Embeddings 861.npy
862,862,data Unpatentable Embeddings 862.npy
863,863,data Unpatentable Embeddings 863.npy
864,864,data Unpatentable Embeddings 864.npy
865,865,data Unpatentable Embeddings 865.npy
